comparison_scope,decrease,decrease_decimal,epoch,n,reported_upper,retrieved_date,revision,revision_status,snapshot,snapshot_sha256,source_reported_header,source_url,upper_decimal,upper_exact,verified_ceiling,verified_ceiling_decimal
Exact comparison to the register verified column; earlier certificate not independently reverified in this release.,1043168371254732477614239800627363/50000000000000000000000000000000000000000000,0.00000000002086336742509464955228479601254726,original-campaign,105,10.806077865540567,2026-10-07,unavailable; rendered main page,,sources/historical/original/web-frontier-last.txt,2d9dd78bd2f349dbba4382017af1508619ee68d4942fff8840cde71268aae0a4,10.806077865540567,https://github.com/jlevy/squares/blob/main/packing/frontier/STATUS.md,10.80607786551970463257490535044771520398745274,540303893275985231628745267522385760199372637/50000000000000000000000000000000000000000000,1350759733192571/125000000000000,10.806077865540568
Exact comparison to the register verified column; earlier certificate not independently reverified in this release.,1043168371254732477614239800627363/50000000000000000000000000000000000000000000,0.00000000002086336742509464955228479601254726,continuation,105,10.806077865540567,2026-10-07,unknown; web reader current main,,sources/historical/continuation/initial-response.json,1b436c54276a787fdddb12fee2f05cdc8c5e69f504762fa1d8a09bc97c508ab0,10.806077865540567,https://raw.githubusercontent.com/jlevy/squares/main/packing/frontier/STATUS.md,10.80607786551970463257490535044771520398745274,540303893275985231628745267522385760199372637/50000000000000000000000000000000000000000000,1350759733192571/125000000000000,10.806077865540568
"Fresh permitted web-reader retrieval; source-labelled verified ceiling, no rerun of earlier upstream certificate.",1043168371254732477614239800627363/50000000000000000000000000000000000000000000,0.00000000002086336742509464955228479601254726,release-refresh,105,10.806077865540567,2026-10-07,,"Unknown: current-main web-reader response, no authenticated HEAD; reader may cache.",sources/fresh/fresh_web_rows.txt,492e04121a5f1989cb452572ab9ac22e8a6245aab8d6620ebcc0f8cfa4aea569,10.806077865540567,https://raw.githubusercontent.com/jlevy/squares/main/packing/frontier/STATUS.md,10.80607786551970463257490535044771520398745274,540303893275985231628745267522385760199372637/50000000000000000000000000000000000000000000,1350759733192571/125000000000000,10.806077865540568
Exact comparison to the register verified column; earlier certificate not independently reverified in this release.,12993644461123986187956097235029751/1000000000000000000000000000000000000000000000,0.000000000012993644461123986187956097235029751,original-campaign,130,11.911187706548755,2026-10-07,unavailable; rendered main page,,sources/historical/original/web-frontier-fill.txt,e368e777b30e9db889dd6b34dac4c7d33f0788b94729c9b72cc4ea49f3787763,11.911187706548755,https://github.com/jlevy/squares/blob/main/packing/frontier/STATUS.md,11.911187706535762355538876013812043902764970249,11911187706535762355538876013812043902764970249/1000000000000000000000000000000000000000000000,2977796926637189/250000000000000,11.911187706548756
Exact comparison to the register verified column; earlier certificate not independently reverified in this release.,12993644461123986187956097235029751/1000000000000000000000000000000000000000000000,0.000000000012993644461123986187956097235029751,continuation,130,11.911187706548755,2026-10-07,unknown; web reader current main,,sources/historical/continuation/status-completion.json,619425defef55144dfa5900d03e278a6e1292039748e5e2e3715008506898328,11.911187706548755,https://raw.githubusercontent.com/jlevy/squares/main/packing/frontier/STATUS.md,11.911187706535762355538876013812043902764970249,11911187706535762355538876013812043902764970249/1000000000000000000000000000000000000000000000,2977796926637189/250000000000000,11.911187706548756
"Fresh permitted web-reader retrieval; source-labelled verified ceiling, no rerun of earlier upstream certificate.",12993644461123986187956097235029751/1000000000000000000000000000000000000000000000,0.000000000012993644461123986187956097235029751,release-refresh,130,11.911187706548755,2026-10-07,,"Unknown: current-main web-reader response, no authenticated HEAD; reader may cache.",sources/fresh/fresh_web_more.txt,3490eb7db6b4454d743c0930ece7423efb00a72f77f59c0f571d173df10be645,11.911187706548755,https://raw.githubusercontent.com/jlevy/squares/main/packing/frontier/STATUS.md,11.911187706535762355538876013812043902764970249,11911187706535762355538876013812043902764970249/1000000000000000000000000000000000000000000000,2977796926637189/250000000000000,11.911187706548756
Exact comparison to the register verified column; earlier certificate not independently reverified in this release.,125697645161271723381636084093/1000000000000000000000000000000000000000000000,0.000000000000000125697645161271723381636084093,original-campaign,263,16.742270262025057683757892778345,2026-10-07,unavailable; rendered main page,,sources/historical/original/web-frontier-detail1.txt,7773009acf1e68383e4d998897d228a8291318bbbd85ce80fbcaea44d5674df3,16.742270262031791,https://github.com/jlevy/squares/blob/main/packing/frontier/STATUS.md,16.742270262025057558060247617073276618363915907,16742270262025057558060247617073276618363915907/1000000000000000000000000000000000000000000000,3348454052405011536751578555669/200000000000000000000000000000,16.742270262025057683757892778345
Exact comparison to the register verified column; earlier certificate not independently reverified in this release.,125697645161271723381636084093/1000000000000000000000000000000000000000000000,0.000000000000000125697645161271723381636084093,continuation,263,16.742270262025057683757892778345,2026-10-07,unknown; web reader current main,,sources/historical/continuation/status-completion.json,619425defef55144dfa5900d03e278a6e1292039748e5e2e3715008506898328,16.742270262031791,https://raw.githubusercontent.com/jlevy/squares/main/packing/frontier/STATUS.md,16.742270262025057558060247617073276618363915907,16742270262025057558060247617073276618363915907/1000000000000000000000000000000000000000000000,3348454052405011536751578555669/200000000000000000000000000000,16.742270262025057683757892778345
"Fresh permitted web-reader retrieval; source-labelled verified ceiling, no rerun of earlier upstream certificate.",125697645161271723381636084093/1000000000000000000000000000000000000000000000,0.000000000000000125697645161271723381636084093,release-refresh,263,16.742270262025057683757892778345,2026-10-07,,"Unknown: current-main web-reader response, no authenticated HEAD; reader may cache.",sources/fresh/fresh_web_rows.txt,492e04121a5f1989cb452572ab9ac22e8a6245aab8d6620ebcc0f8cfa4aea569,16.742270262031791,https://raw.githubusercontent.com/jlevy/squares/main/packing/frontier/STATUS.md,16.742270262025057558060247617073276618363915907,16742270262025057558060247617073276618363915907/1000000000000000000000000000000000000000000000,3348454052405011536751578555669/200000000000000000000000000000,16.742270262025057683757892778345
Exact comparison to the register verified column; earlier certificate not independently reverified in this release.,169681658678729460267910167/1000000000000000000000000000000000000000000000,0.000000000000000000169681658678729460267910167,original-campaign,272,16.968165867852158332894136646166,2026-10-07,unavailable; rendered main page,,sources/historical/original/web-frontier-detail1.txt,7773009acf1e68383e4d998897d228a8291318bbbd85ce80fbcaea44d5674df3,16.968165867864400,https://github.com/jlevy/squares/blob/main/packing/frontier/STATUS.md,16.968165867852158332724454987487270539732089833,16968165867852158332724454987487270539732089833/1000000000000000000000000000000000000000000000,8484082933926079166447068323083/500000000000000000000000000000,16.968165867852158332894136646166
Exact comparison to the register verified column; earlier certificate not independently reverified in this release.,169681658678729460267910167/1000000000000000000000000000000000000000000000,0.000000000000000000169681658678729460267910167,continuation,272,16.968165867852158332894136646166,2026-10-07,unknown; web reader current main,,sources/historical/continuation/status-last.json,33d7980aea93367ea261556e47bbc54d4504446eec6a07320ceb7d1ff5f2f17d,16.968165867864400,https://raw.githubusercontent.com/jlevy/squares/main/packing/frontier/STATUS.md,16.968165867852158332724454987487270539732089833,16968165867852158332724454987487270539732089833/1000000000000000000000000000000000000000000000,8484082933926079166447068323083/500000000000000000000000000000,16.968165867852158332894136646166
"Fresh permitted web-reader retrieval; source-labelled verified ceiling, no rerun of earlier upstream certificate.",169681658678729460267910167/1000000000000000000000000000000000000000000000,0.000000000000000000169681658678729460267910167,release-refresh,272,16.968165867852158332894136646166,2026-10-07,,"Unknown: current-main web-reader response, no authenticated HEAD; reader may cache.",sources/fresh/fresh_web_rows.txt,492e04121a5f1989cb452572ab9ac22e8a6245aab8d6620ebcc0f8cfa4aea569,16.968165867864400,https://raw.githubusercontent.com/jlevy/squares/main/packing/frontier/STATUS.md,16.968165867852158332724454987487270539732089833,16968165867852158332724454987487270539732089833/1000000000000000000000000000000000000000000000,8484082933926079166447068323083/500000000000000000000000000000,16.968165867852158332894136646166
Exact comparison to the register verified column; earlier certificate not independently reverified in this release.,43053959528557994489608141407373443/1000000000000000000000000000000000000000000000,0.000000000043053959528557994489608141407373443,original-campaign,292,17.597249391199519,2026-10-07,unavailable; rendered main page,,sources/historical/original/web-frontier-detail1.txt,7773009acf1e68383e4d998897d228a8291318bbbd85ce80fbcaea44d5674df3,17.597249391199519,https://github.com/jlevy/squares/blob/main/packing/frontier/STATUS.md,17.597249391156465040471442005510391858592626557,17597249391156465040471442005510391858592626557/1000000000000000000000000000000000000000000000,17597249391199519/1000000000000000,17.597249391199519
Exact comparison to the register verified column; earlier certificate not independently reverified in this release.,43053959528557994489608141407373443/1000000000000000000000000000000000000000000000,0.000000000043053959528557994489608141407373443,continuation,292,17.597249391199519,2026-10-07,unknown; web reader current main,,sources/historical/continuation/refresh-response.json,389fa29b29aa658c5a039448576d7a6703961d1e0cd669e9bf8f00178451e01d,17.597249391199519,https://raw.githubusercontent.com/jlevy/squares/main/packing/frontier/STATUS.md,17.597249391156465040471442005510391858592626557,17597249391156465040471442005510391858592626557/1000000000000000000000000000000000000000000000,17597249391199519/1000000000000000,17.597249391199519
"Fresh permitted web-reader retrieval; source-labelled verified ceiling, no rerun of earlier upstream certificate.",43053959528557994489608141407373443/1000000000000000000000000000000000000000000000,0.000000000043053959528557994489608141407373443,release-refresh,292,17.597249391199519,2026-10-07,,"Unknown: current-main web-reader response, no authenticated HEAD; reader may cache.",sources/fresh/fresh_web_more.txt,3490eb7db6b4454d743c0930ece7423efb00a72f77f59c0f571d173df10be645,17.597249391199519,https://raw.githubusercontent.com/jlevy/squares/main/packing/frontier/STATUS.md,17.597249391156465040471442005510391858592626557,17597249391156465040471442005510391858592626557/1000000000000000000000000000000000000000000000,17597249391199519/1000000000000000,17.597249391199519
