n,source_header,source_sha256,revision,reported_upper,verified_upper_exact,verified_upper_decimal,source_header_minus_verified_exact,format_count_unit_convention,formerly_inaccessible,screened_this_continuation,stopping_reason,screen_side_binary64,comparison_minus_numerical_score_exact,screen_gain_approx,screen_wall_seconds,source_pair_separation_certified,source_containment_certified,source_minimum_pair_gap,source_minimum_wall_gap,contact_pairs,wall_contacts,low_contact_squares,near_tied_axes,priority_rank,selected_for_deeper_work,selection_reason
68,8.798795237222592,425ec02ce3b608649223d21b2e5e80cd1a53e9e7cfd48c3e4b1640b2e2d0b770,unknown locally supplied extracted master archive,8.798795237218283902664668919394,4399397618609141951332334459697/500000000000000000000000000000,8.798795237218283902664668919394,2154048667665540303/500000000000000000000000000000,"n rows x y theta(rad), centers in [0,s]^2; unit side stated in source README",False,False,Completed prior campaign; no repeat screen,,,,,,,,,,,,,,,
102,10.607174680178947,240bed2ac8429ee8b71be7a652f6a462234766e0a73e115fae04a74b9b85813c,unknown locally supplied extracted master archive,10.607174680176051125448595024891,10607174680176051125448595024891/1000000000000000000000000000000,10.607174680176051125448595024891,2895874551404975109/1000000000000000000000000000000,"n rows x y theta(rad), centers in [0,s]^2; unit side stated in source README",True,True,trust radius exhausted,10.607174680179138,-3086874551404975109/1000000000000000000000000000000,-3.086874551404975e-12,0.4549192009726539,True,True,1.9942116521968475e-13,1.5079702806327807e-16,155,31,47,132,23,False,"No screen beat current exact ceiling, no repeatable descent or justified contact change found in economical screen; no deeper search."
103,10.703516755580015,09c60e32e9d3d518af8d574667658c4d2252d220598aa7e70a2516a95215f378,unknown locally supplied extracted master archive,10.703516755572542008729416503972,2675879188893135502182354125993/250000000000000000000000000000,10.703516755572542008729416503972,1868247817645874007/250000000000000000000000000000,"n rows x y theta(rad), centers in [0,s]^2; unit side stated in source README",False,False,Completed prior campaign; no repeat screen,,,,,,,,,,,,,,,
105,10.806077865540567,de3c54073df607ece142d9b2b294759f3b5d19d15ca2f349542db39f16da0ff7,unknown locally supplied extracted master archive,10.806077865540567,1350759733192571/125000000000000,10.806077865540568,-1/1000000000000000,"n rows x y theta(rad), centers in [0,s]^2; unit side stated in source README",False,False,Completed prior campaign; no repeat screen,,,,,,,,,,,,,,,
106,10.822908044141968,a48fe63a2c48168b4f0c1f4a2a9a663c72e1e4a11802fbbfe0d664e6b0dbd58e,unknown locally supplied extracted master archive,10.822908044132847555194436943331,10822908044132847555194436943331/1000000000000000000000000000000,10.822908044132847555194436943331,9120444805563056669/1000000000000000000000000000000,"n rows x y theta(rad), centers in [0,s]^2; unit side stated in source README",True,True,trust radius exhausted,10.822908044133554,-706444805563056669/1000000000000000000000000000000,-7.064448055630567e-13,0.5688603210146539,True,False,1.9785642484342647e-13,-8.279625734323063e-16,251,36,13,226,9,False,"No screen beat current exact ceiling, no repeatable descent or justified contact change found in economical screen; no deeper search."
110,10.996783396634358,8a97279f09a9e7f0be0478e76372ddde8afbe38469f70c52c2cbe3b229850315,unknown locally supplied extracted master archive,10.996783396631591639612746267957,10996783396631591639612746267957/1000000000000000000000000000000,10.996783396631591639612746267957,2766360387253732043/1000000000000000000000000000000,"n rows x y theta(rad), centers in [0,s]^2; unit side stated in source README",True,True,trust radius exhausted,10.996783396632033,-441360387253732043/1000000000000000000000000000000,-4.4136038725373204e-13,0.7274674049695022,True,False,1.9895e-13,-6.887171954565513e-17,274,37,11,214,5,False,"No screen beat current exact ceiling, no repeatable descent or justified contact change found in economical screen; no deeper search."
123,11.601384658385687,ad2748df3fc4862c235d6d18cc821370e9b4d9c01f428ba51d285d4ac1a8c5c5,unknown locally supplied extracted master archive,11.601384658375975564388544443024,725086541148498472774284027689/62500000000000000000000000000,11.601384658375975564388544443024,606964725715972311/62500000000000000000000000000,"n rows x y theta(rad), centers in [0,s]^2; unit side stated in source README",True,True,trust radius exhausted,11.601384658376746,-48152225715972311/62500000000000000000000000000,-7.704356114555569e-13,0.8554389529745094,True,False,1.9800197721995836e-13,-8.985060331024293e-17,267,35,21,226,10,False,"No screen beat current exact ceiling, no repeatable descent or justified contact change found in economical screen; no deeper search."
130,11.911187706548755,d440c7fd47ff5ea72fa06587b2050d745f17fe36e8208c6903357e0a2b33f744,unknown locally supplied extracted master archive,11.911187706548755,2977796926637189/250000000000000,11.911187706548756,-1/1000000000000000,"n rows x y theta(rad), centers in [0,s]^2; unit side stated in source README",True,True,trust radius exhausted,11.911187706548974,-109/500000000000000,-2.18e-13,0.6969679439789616,True,False,1.999313739084048e-13,-5.296156608458198e-16,273,36,20,239,1,True,"Omitted Daniel certificate; validated input and successful exact contact polish; n130 first, n292 second. Follow sparse/QR contact gauges and blocking contacts."
131,11.954916830219048,c8fed9ce6fec8b97ffcef58ccb5601f55172dea1e46199bac788a79d5b329812,unknown locally supplied extracted master archive,11.954916830216124410139679227683,11954916830216124410139679227683/1000000000000000000000000000000,11.954916830216124410139679227683,2923589860320772317/1000000000000000000000000000000,"n rows x y theta(rad), centers in [0,s]^2; unit side stated in source README",True,True,trust radius exhausted,11.954916830216689,-564589860320772317/1000000000000000000000000000000,-5.645898603207723e-13,1.0637848490150645,True,False,1.9965339588064717e-13,-5.134977679270262e-16,343,43,5,269,6,False,"No screen beat current exact ceiling, no repeatable descent or justified contact change found in economical screen; no deeper search."
132,11.991327887694469,22aa434a6edc232704bdd90538f24bd74396ed4a38821f79c151f14d7b04efcb,unknown locally supplied extracted master archive,11.991327887691501411687842131585,2398265577538300282337568426317/200000000000000000000000000000,11.991327887691501411687842131585,593517662431573683/200000000000000000000000000000,"n rows x y theta(rad), centers in [0,s]^2; unit side stated in source README",True,True,trust radius exhausted,11.99132788769207,-113717662431573683/200000000000000000000000000000,-5.685883121578685e-13,0.8904234530054964,True,False,2.0059777366653654e-13,-2.5045070184415152e-17,331,40,7,272,7,False,"No screen beat current exact ceiling, no repeatable descent or justified contact change found in economical screen; no deeper search."
152,12.830718800982252,1dc8af69a0ca71a075aec93dcf1bb160ac5651cf9d40fb0aba831f0056da2c2f,unknown locally supplied extracted master archive,12.830718800976609954993823643412,3207679700244152488748455910853/250000000000000000000000000000,12.830718800976609954993823643412,1410511251544089147/250000000000000000000000000000,"n rows x y theta(rad), centers in [0,s]^2; unit side stated in source README",True,True,trust radius exhausted,12.830718800982488,-1469511251544089147/250000000000000000000000000000,-5.8780450061763564e-12,0.9085950930020772,True,False,2.000520712272021e-13,-1.7188684706709034e-16,398,43,12,373,30,False,"No screen beat current exact ceiling, no repeatable descent or justified contact change found in economical screen; no deeper search."
154,12.931663721169976,277f83d052730098301916d249b79fefe998af2faeb5119c5d7c206ab8cad5f7,unknown locally supplied extracted master archive,12.931663721166847019324363825319,12931663721166847019324363825319/1000000000000000000000000000000,12.931663721166847019324363825319,3128980675636174681/1000000000000000000000000000000,"n rows x y theta(rad), centers in [0,s]^2; unit side stated in source README",True,True,trust radius exhausted,12.931663721167162,-314980675636174681/1000000000000000000000000000000,-3.1498067563617467e-13,1.2837321370025165,True,False,1.9945830700318505e-13,-5.031543128046525e-17,394,44,19,328,3,False,"No screen beat current exact ceiling, no repeatable descent or justified contact change found in economical screen; no deeper search."
155,12.955619592137850,a546edfdd3d42834c05e17d3e2cf2d01e7ce28a97c4011dccb4c576c806738d1,unknown locally supplied extracted master archive,12.95561959213445243801096476729,1295561959213445243801096476729/100000000000000000000000000000,12.95561959213445243801096476729,339756198903523271/100000000000000000000000000000,"n rows x y theta(rad), centers in [0,s]^2; unit side stated in source README",True,True,trust radius exhausted,12.955619592135804,-135156198903523271/100000000000000000000000000000,-1.3515619890352328e-12,1.0730501750367694,True,False,1.999112870325267e-13,-2.960543716742777e-16,369,44,22,295,18,False,"No screen beat current exact ceiling, no repeatable descent or justified contact change found in economical screen; no deeper search."
156,12.982082698520427,8f5d4d5f0facbbea547ad5ad4cd8211f8f6101326c27ef2fbc303fd2aabe7528,unknown locally supplied extracted master archive,12.982082698516893102076828502036,3245520674629223275519207125509/250000000000000000000000000000,12.982082698516893102076828502036,883474480792874491/250000000000000000000000000000,"n rows x y theta(rad), centers in [0,s]^2; unit side stated in source README",True,True,trust radius exhausted,12.982082698517843,-237474480792874491/250000000000000000000000000000,-9.49897923171498e-13,1.2274803619948216,True,False,1.9959949384332367e-13,-4e-16,395,46,14,328,13,False,"No screen beat current exact ceiling, no repeatable descent or justified contact change found in economical screen; no deeper search."
172,13.618988956935731,229c1c5504164920188ac286cbc07c91e90d199e09fac5b72c665c0d9e3c01ad,unknown locally supplied extracted master archive,13.61898895689939842899969151892,340474723922484960724992287973/25000000000000000000000000000,13.61898895689939842899969151892,908314275007712027/25000000000000000000000000000,"n rows x y theta(rad), centers in [0,s]^2; unit side stated in source README",True,True,trust radius exhausted,13.618988956901987,-64714275007712027/25000000000000000000000000000,-2.588571000308481e-12,1.3133515540394,True,False,2.0138053088040983e-13,-5.086000672241409e-17,362,44,46,327,22,False,"No screen beat current exact ceiling, no repeatable descent or justified contact change found in economical screen; no deeper search."
177,13.822979734183507,279debca7fffad55ee020148ad4d3134cf51e21eddcae45ed9b26ddc07b8a066,unknown locally supplied extracted master archive,13.822979734169448600231882896281,13822979734169448600231882896281/1000000000000000000000000000000,13.822979734169448600231882896281,14058399768117103719/1000000000000000000000000000000,"n rows x y theta(rad), centers in [0,s]^2; unit side stated in source README",True,True,trust radius exhausted,13.822979734172586,-3137399768117103719/1000000000000000000000000000000,-3.137399768117104e-12,1.3943415569956414,True,False,2.33577549690261e-13,-5.143250594809549e-16,487,45,8,456,24,False,"No screen beat current exact ceiling, no repeatable descent or justified contact change found in economical screen; no deeper search."
180,13.927888140501693,cf4dfb9a2931746de255a0729cc2afd712c5eaa216891b939b7ac421cddb4798,unknown locally supplied extracted master archive,13.927888140498096339178993024781,13927888140498096339178993024781/1000000000000000000000000000000,13.927888140498096339178993024781,3596660821006975219/1000000000000000000000000000000,"n rows x y theta(rad), centers in [0,s]^2; unit side stated in source README",True,True,trust radius exhausted,13.927888140498524,-427660821006975219/1000000000000000000000000000000,-4.276608210069752e-13,1.515776201034896,True,False,1.9998614388921084e-13,-3.0383300444357637e-16,474,47,8,397,4,False,"No screen beat current exact ceiling, no repeatable descent or justified contact change found in economical screen; no deeper search."
181,13.953748821957927,608cfa342cd124c8fa7d9751f5d2ab8cc7b5bae28e832cf6c2acbddfcb37c71f,unknown locally supplied extracted master archive,13.953748821954402498045544433567,13953748821954402498045544433567/1000000000000000000000000000000,13.953748821954402498045544433567,3524501954455566433/1000000000000000000000000000000,"n rows x y theta(rad), centers in [0,s]^2; unit side stated in source README",True,True,trust radius exhausted,13.953748821955195,-792501954455566433/1000000000000000000000000000000,-7.925019544555664e-13,1.8469767479691654,True,False,1.9987914304545726e-13,-3.9994875756335894e-16,497,51,11,411,12,False,"No screen beat current exact ceiling, no repeatable descent or justified contact change found in economical screen; no deeper search."
182,13.974090713124822,ed6a9f92996791ee47664e63fd6bf844a11322bb2407e8ae2b22a8f67a80606b,unknown locally supplied extracted master archive,13.974090713121439007150130032772,3493522678280359751787532508193/250000000000000000000000000000,13.974090713121439007150130032772,845748212467491807/250000000000000000000000000000,"n rows x y theta(rad), centers in [0,s]^2; unit side stated in source README",True,True,trust radius exhausted,13.974090713122454,-253748212467491807/250000000000000000000000000000,-1.0149928498699672e-12,1.4083197980071418,True,False,1.9931694830518408e-13,-3.8275267592316903e-19,441,48,14,372,15,False,"No screen beat current exact ceiling, no repeatable descent or justified contact change found in economical screen; no deeper search."
199,14.618988956907218,1fd5a2ce4c01685cd7d5b52a21013e299e0089c193a567b628e13f86bb04946e,unknown locally supplied extracted master archive,14.61898895689939842900969151892,365474723922484960725242287973/25000000000000000000000000000,14.61898895689939842900969151892,195489274757712027/25000000000000000000000000000,"n rows x y theta(rad), centers in [0,s]^2; unit side stated in source README",True,True,trust radius exhausted,14.61898895690749,-202289274757712027/25000000000000000000000000000,-8.09157099030848e-12,1.4193577569676563,True,False,1.9974213345371433e-13,-2.296156608458199e-16,448,46,53,409,34,False,"No screen beat current exact ceiling, no repeatable descent or justified contact change found in economical screen; no deeper search."
206,14.860158663395859,25457e92968d4cfd1fb91e9c53776a3cb52e5b902ed29821d2057220bae1f5f1,unknown locally supplied extracted master archive,14.860158663391903236840250629824,232189979115498488075628916091/15625000000000000000000000000,14.860158663391903236840250629824,61808799371083909/15625000000000000000000000000,"n rows x y theta(rad), centers in [0,s]^2; unit side stated in source README",True,True,trust radius exhausted,14.860158663396138,-66168174371083909/15625000000000000000000000000,-4.23476315974937e-12,1.3507314230082557,True,False,2.0007356620772078e-13,-1.090745344204416e-15,355,38,72,333,26,False,"No screen beat current exact ceiling, no repeatable descent or justified contact change found in economical screen; no deeper search."
207,14.893954634242480,0b28b63ad5c7de197322a317faac42425fce51159eafe56204f1495786971e09,unknown locally supplied extracted master archive,14.893954634237227388391298332204,3723488658559306847097824583051/250000000000000000000000000000,14.893954634237227388391298332204,1313152902175416949/250000000000000000000000000000,"n rows x y theta(rad), centers in [0,s]^2; unit side stated in source README",True,True,trust radius exhausted,14.893954634242757,-1382402902175416949/250000000000000000000000000000,-5.5296116087016674e-12,1.4481284799985588,True,False,1.995234481133516e-13,-2.409689077376083e-17,469,42,54,424,29,False,"No screen beat current exact ceiling, no repeatable descent or justified contact change found in economical screen; no deeper search."
208,14.926534459703511,fe756c5c01f4d19fffc7e18b8303fdfab1e33a7c3575e4d686a4263d65eb408e,unknown locally supplied extracted master archive,14.926534459699423246906428356506,7463267229849711623453214178253/500000000000000000000000000000,14.926534459699423246906428356506,2043876546785821747/500000000000000000000000000000,"n rows x y theta(rad), centers in [0,s]^2; unit side stated in source README",False,False,Completed prior campaign; no repeat screen,,,,,,,,,,,,,,,
209,14.953939011860642,f0c24f987bfebb043897159f2b0beced4ed450c8c3286143a058945e5af674b5,unknown locally supplied extracted master archive,14.953939011857122362887224108935,2990787802371424472577444821787/200000000000000000000000000000,14.953939011857122362887224108935,703927422555178213/200000000000000000000000000000,"n rows x y theta(rad), centers in [0,s]^2; unit side stated in source README",False,False,Completed prior campaign; no repeat screen,,,,,,,,,,,,,,,
210,14.973001116591412,e055e5a62849e49184e78af61221e74cdfae6fb0468bd04641e878e2a57759fe,unknown locally supplied extracted master archive,14.973001116587625741983018050468,3743250279146906435495754512617/250000000000000000000000000000,14.973001116587625741983018050468,946564504245487383/250000000000000000000000000000,"n rows x y theta(rad), centers in [0,s]^2; unit side stated in source README",True,True,trust radius exhausted,14.973001116588328,-175564504245487383/250000000000000000000000000000,-7.022580169819496e-13,2.0884235920384526,True,False,1.9988921161375382e-13,-2.0237774020536762e-16,535,51,8,425,8,False,"No screen beat current exact ceiling, no repeatable descent or justified contact change found in economical screen; no deeper search."
228,15.604602454552252,3b7521774ced6ae3eb3c51134bca174c935fec40caa6377582f807dfc7c2fad5,unknown locally supplied extracted master archive,15.604602454546056967137037190451,15604602454546056967137037190451/1000000000000000000000000000000,15.604602454546056967137037190451,6195032862962809549/1000000000000000000000000000000,"n rows x y theta(rad), centers in [0,s]^2; unit side stated in source README",False,False,Completed prior campaign; no repeat screen,,,,,,,,,,,,,,,
236,15.872219025616040,cb514ad83b2b41e55ef95efd867b49701c1143aa8b08aafb93eb21fd9c11ca11,unknown locally supplied extracted master archive,15.87221902560728287835395301986,793610951280364143917697650993/50000000000000000000000000000,15.87221902560728287835395301986,437856082302349007/50000000000000000000000000000,"n rows x y theta(rad), centers in [0,s]^2; unit side stated in source README",True,True,trust radius exhausted,15.872219025616337,-452706082302349007/50000000000000000000000000000,-9.05412164604698e-12,1.9545627129846253,True,False,2.0667811378743198e-13,-3.242097087552253e-16,576,48,46,533,35,False,"No screen beat current exact ceiling, no repeatable descent or justified contact change found in economical screen; no deeper search."
237,15.911191683008479,12c1a33e1766c630c0317df039a00192c8cc83a38ab84f1571374678d98c237a,unknown locally supplied extracted master archive,15.911191683001783031028912780176,994449480187611439439307048761/62500000000000000000000000000,15.911191683001783031028912780176,418498060692951239/62500000000000000000000000000,"n rows x y theta(rad), centers in [0,s]^2; unit side stated in source README",True,True,trust radius exhausted,15.911191683008777,-437123060692951239/62500000000000000000000000000,-6.99396897108722e-12,2.4049205740448087,True,False,2.0076507321479467e-13,-3.33269804487157e-17,585,50,28,531,32,False,"No screen beat current exact ceiling, no repeatable descent or justified contact change found in economical screen; no deeper search."
238,15.931725503598480,c2ddcb33429b3c7ad68a442bfac27dac6a9b04214b909066a0ffaa6ff8509271,unknown locally supplied extracted master archive,15.931725503591328233767187231141,15931725503591328233767187231141/1000000000000000000000000000000,15.931725503591328233767187231141,7151766232812768859/1000000000000000000000000000000,"n rows x y theta(rad), centers in [0,s]^2; unit side stated in source README",True,True,trust radius exhausted,15.931725503593,-1671766232812768859/1000000000000000000000000000000,-1.6717662328127688e-12,2.4572460670024157,True,False,2.0168645847411514e-13,-6.692900120345781e-16,636,55,12,547,20,False,"No screen beat current exact ceiling, no repeatable descent or justified contact change found in economical screen; no deeper search."
239,15.953819333484685,60ebdb6c02c6b53c225b1a483a36886a07b28a2d0a54e78c2c71a1e79ea71b08,unknown locally supplied extracted master archive,15.953819333480779915463620238818,7976909666740389957731810119409/500000000000000000000000000000,15.953819333480779915463620238818,1952542268189880591/500000000000000000000000000000,"n rows x y theta(rad), centers in [0,s]^2; unit side stated in source README",True,True,trust radius exhausted,15.953819333481803,-511542268189880591/500000000000000000000000000000,-1.023084536379761e-12,2.7210670160129666,True,True,2.007192810399672e-13,1.7916728721496173e-17,618,55,20,505,16,False,"No screen beat current exact ceiling, no repeatable descent or justified contact change found in economical screen; no deeper search."
240,15.969685337536875,c6c5dbe130fed461733db283b786238c6aec4257d79985a2d8a7b1bcba85ce9f,unknown locally supplied extracted master archive,15.969685337530780336056074320582,7984842668765390168028037160291/500000000000000000000000000000,15.969685337530780336056074320582,3047331971962839709/500000000000000000000000000000,"n rows x y theta(rad), centers in [0,s]^2; unit side stated in source README",True,True,trust radius exhausted,15.969685337534626,-1922831971962839709/500000000000000000000000000000,-3.845663943925679e-12,2.4384574010036886,True,False,1.996101774312914e-13,-9.550391335048382e-17,600,55,15,507,25,False,"No screen beat current exact ceiling, no repeatable descent or justified contact change found in economical screen; no deeper search."
241,15.988132439537539,aaa69063d4e6e598637d2cb7353c346573f034609ae8790302493b2cfe52de11,unknown locally supplied extracted master archive,15.988132439524990848590591447359,15988132439524990848590591447359/1000000000000000000000000000000,15.988132439524990848590591447359,12548151409408552641/1000000000000000000000000000000,"n rows x y theta(rad), centers in [0,s]^2; unit side stated in source README",True,True,trust radius exhausted,15.988132439525984,-993151409408552641/1000000000000000000000000000000,-9.931514094085527e-13,2.7060496059712023,True,False,1.9916410244478233e-13,-5.551115123125782e-17,640,57,13,538,14,False,"No screen beat current exact ceiling, no repeatable descent or justified contact change found in economical screen; no deeper search."
259,16.602568490497649,9bd3252fc25ad326b68585cd4f9c4d41c6081af8553f7b65792ad902f7974131,unknown locally supplied extracted master archive,16.602568490493364515381155942934,8301284245246682257690577971467/500000000000000000000000000000,16.602568490493364515381155942934,2142242309422028533/500000000000000000000000000000,"n rows x y theta(rad), centers in [0,s]^2; unit side stated in source README",True,True,trust radius exhausted,16.602568490497966,-2300742309422028533/500000000000000000000000000000,-4.601484618844057e-12,2.314259189006407,True,False,2.008723693736003e-13,-1.495686033619048e-15,605,53,56,556,27,False,"No screen beat current exact ceiling, no repeatable descent or justified contact change found in economical screen; no deeper search."
263,16.742270262031791,9c0c000da38ccb22c2266a53c8102f64f7b28dea70ea169ce06d3326ce18f5c6,unknown locally supplied extracted master archive,16.742270262025057683757892778345,3348454052405011536751578555669/200000000000000000000000000000,16.742270262025057683757892778345,1346663248421444331/200000000000000000000000000000,"n rows x y theta(rad), centers in [0,s]^2; unit side stated in source README",False,False,Completed prior campaign; no repeat screen,,,,,,,,,,,,,,,
268,16.878814821018413,a28fbccb5f0cf0343bd58e715279b205ba81e167a5421465b89ccdc5e90a4cc0,unknown locally supplied extracted master archive,16.878814821006764724747121053018,8439407410503382362373560526509/500000000000000000000000000000,16.878814821006764724747121053018,5824137626439473491/500000000000000000000000000000,"n rows x y theta(rad), centers in [0,s]^2; unit side stated in source README",True,True,trust radius exhausted,16.87881482101873,-5982637626439473491/500000000000000000000000000000,-1.1965275252878947e-11,3.0326662019942887,True,False,2.0005434172592756e-13,-1.2034202769604094e-15,637,51,25,581,37,False,"No screen beat current exact ceiling, no repeatable descent or justified contact change found in economical screen; no deeper search."
269,16.905967058598858,1f9809b75ce7be41ca8517f6f73f6f20313ca6d9c804b8f22a23ff5ff5b65ad4,unknown locally supplied extracted master archive,16.905967058583840911467960094275,676238682343353636458718403771/40000000000000000000000000000,16.905967058583840911467960094275,600683541281596229/40000000000000000000000000000,"n rows x y theta(rad), centers in [0,s]^2; unit side stated in source README",True,True,trust radius exhausted,16.905967058599174,-613323541281596229/40000000000000000000000000000,-1.5333088532039907e-11,2.810144547955133,True,False,1.999761086970542e-13,-4.554003533813889e-16,723,61,31,674,38,False,"No screen beat current exact ceiling, no repeatable descent or justified contact change found in economical screen; no deeper search."
270,16.937810329390629,933d8f8940f98e82bef75ebdfa6ea5068d33478d0b89002fc54bbb414bd774d2,unknown locally supplied extracted master archive,16.937810329340954110200218669924,4234452582335238527550054667481/250000000000000000000000000000,16.937810329340954110200218669924,12418722449945332519/250000000000000000000000000000,"n rows x y theta(rad), centers in [0,s]^2; unit side stated in source README",True,True,trust radius exhausted,16.93781032934219,-308972449945332519/250000000000000000000000000000,-1.23588979978133e-12,4.259466521034483,True,False,1.997635227480411e-13,-3.853794437772404e-17,779,61,11,658,17,False,"No screen beat current exact ceiling, no repeatable descent or justified contact change found in economical screen; no deeper search."
271,16.950820792633813,cbbdd4ea0c13977571a43cef16eb0e8a452b6d97259f82242ff5a920fe7cc4bb,unknown locally supplied extracted master archive,16.950820792624958786450490084388,4237705198156239696612622521097/250000000000000000000000000000,16.950820792624958786450490084388,2213553387377478903/250000000000000000000000000000,"n rows x y theta(rad), centers in [0,s]^2; unit side stated in source README",True,True,trust radius exhausted,16.950820792634133,-2293553387377478903/250000000000000000000000000000,-9.174213549509915e-12,4.540700406010728,True,False,2.0104968169452004e-13,-3.239466918862231e-17,682,58,30,551,36,False,"No screen beat current exact ceiling, no repeatable descent or justified contact change found in economical screen; no deeper search."
272,16.968165867864400,435a49bb56b449747bb45be4f16320bb8e11e9ba346320f13627871c26ad9e38,unknown locally supplied extracted master archive,16.968165867852158332894136646166,8484082933926079166447068323083/500000000000000000000000000000,16.968165867852158332894136646166,6120833552931676917/500000000000000000000000000000,"n rows x y theta(rad), centers in [0,s]^2; unit side stated in source README",False,False,Completed prior campaign; no repeat screen,,,,,,,,,,,,,,,
273,16.983925962660670,9e699ce6015dce534923f444bf0af9e660d8b6f1cba267c1020c85cb3ee983d8,unknown locally supplied extracted master archive,16.983925962650404316108837346991,16983925962650404316108837346991/1000000000000000000000000000000,16.983925962650404316108837346991,10265683891162653009/1000000000000000000000000000000,"n rows x y theta(rad), centers in [0,s]^2; unit side stated in source README",True,True,trust radius exhausted,16.983925962651192,-787683891162653009/1000000000000000000000000000000,-7.87683891162653e-13,3.1725543629727326,True,False,2.0710022064516567e-13,-5.000000016543613e-16,705,57,28,600,11,False,"No screen beat current exact ceiling, no repeatable descent or justified contact change found in economical screen; no deeper search."
292,17.597249391199519,fd97fbe4d52c941547e9803c8e2821945c3457bb654516ec955986d131d3dc11,unknown locally supplied extracted master archive,17.597249391199519,17597249391199519/1000000000000000,17.597249391199519,0,"n rows x y theta(rad), centers in [0,s]^2; unit side stated in source README",True,True,trust radius exhausted,17.59724939119985,-331/1000000000000000,-3.31e-13,3.1603220400284044,True,False,2.0031800167506124e-13,-3.579178081111251e-17,749,60,72,692,2,True,"Omitted Daniel certificate; validated input and successful exact contact polish; n130 first, n292 second. Follow sparse/QR contact gauges and blocking contacts."
297,17.740417287548325,48f9e7036751ffd2a9c895e65ba2a7116f2820699903b66bf4df3cdd04f0927e,unknown locally supplied extracted master archive,17.74041728754380185115320576776,221755216094297523139415072097/12500000000000000000000000000,17.74041728754380185115320576776,56539360584927903/12500000000000000000000000000,"n rows x y theta(rad), centers in [0,s]^2; unit side stated in source README",False,False,Completed prior campaign; no repeat screen,,,,,,,,,,,,,,,
301,17.846667192848074,532633ea20fb43475c7a2f1ca2c6ecaa0be4efb21e4c813b1302e6bae4246db0,unknown locally supplied extracted master archive,17.846667192843489783121781262887,17846667192843489783121781262887/1000000000000000000000000000000,17.846667192843489783121781262887,4584216878218737113/1000000000000000000000000000000,"n rows x y theta(rad), centers in [0,s]^2; unit side stated in source README",True,True,trust radius exhausted,17.846667192848415,-4925216878218737113/1000000000000000000000000000000,-4.925216878218737e-12,2.7835493969614618,True,False,1.9861109935834385e-13,-5.137213523926269e-16,654,45,37,505,28,False,"No screen beat current exact ceiling, no repeatable descent or justified contact change found in economical screen; no deeper search."
302,17.885993892536710,12ddd66f3c69d4a37f56f5050e34e76f127b7b294f21fa276b0b016cb6068504,unknown locally supplied extracted master archive,17.885993892530410666666041882586,8942996946265205333333020941293/500000000000000000000000000000,17.885993892530410666666041882586,3149666666979058707/500000000000000000000000000000,"n rows x y theta(rad), centers in [0,s]^2; unit side stated in source README",True,True,trust radius exhausted,17.885993892537048,-3318666666979058707/500000000000000000000000000000,-6.6373333339581175e-12,2.926097655959893,True,False,1.9982141514865523e-13,-3.0212997022498934e-16,701,53,66,649,31,False,"No screen beat current exact ceiling, no repeatable descent or justified contact change found in economical screen; no deeper search."
303,17.924341009860250,2b4e167062253e947390505442c0f916ea4751fd95313870b5637cd8a154c2d1,unknown locally supplied extracted master archive,17.924341009851128373110514612828,4481085252462782093277628653207/250000000000000000000000000000,17.924341009851128373110514612828,2280406722371346793/250000000000000000000000000000,"n rows x y theta(rad), centers in [0,s]^2; unit side stated in source README",False,False,Completed prior campaign; no repeat screen,,,,,,,,,,,,,,,
304,17.934650018395903,33abcdcf68e659c8c5021c000d29cad7e8ccd42782e034c1be3c1b6c4d203561,unknown locally supplied extracted master archive,17.934650018390681724105084929881,17934650018390681724105084929881/1000000000000000000000000000000,17.934650018390681724105084929881,5221275894915070119/1000000000000000000000000000000,"n rows x y theta(rad), centers in [0,s]^2; unit side stated in source README",True,True,trust radius exhausted,17.9346500183923,-1618275894915070119/1000000000000000000000000000000,-1.61827589491507e-12,4.313279171008617,True,False,2.0027409691654518e-13,-5.548201946359899e-16,839,61,11,730,19,False,"No screen beat current exact ceiling, no repeatable descent or justified contact change found in economical screen; no deeper search."
305,17.952959459023539,583d705f26d7e944e948b39d9dd02be5403448b0a02008ca83895c3247513025,unknown locally supplied extracted master archive,17.952959459015527962875662582531,17952959459015527962875662582531/1000000000000000000000000000000,17.952959459015527962875662582531,8011037124337417469/1000000000000000000000000000000,"n rows x y theta(rad), centers in [0,s]^2; unit side stated in source README",True,True,trust radius exhausted,17.95295945901804,-2512037124337417469/1000000000000000000000000000000,-2.5120371243374177e-12,3.813676080026198,True,False,2.0116722836696654e-13,-1.8666900529889647e-15,764,63,31,639,21,False,"No screen beat current exact ceiling, no repeatable descent or justified contact change found in economical screen; no deeper search."
306,17.963438139777139,6f87aee3e34198871996656b873275e5a1e69e7d918a0d5c9f9af5d2e3a69726,unknown locally supplied extracted master archive,17.963438139764002853611723469441,17963438139764002853611723469441/1000000000000000000000000000000,17.963438139764002853611723469441,13136146388276530559/1000000000000000000000000000000,"n rows x y theta(rad), centers in [0,s]^2; unit side stated in source README",False,False,Completed prior campaign; no repeat screen,,,,,,,,,,,,,,,
307,17.981030548643712,3dd3f114fae508ec117dec0acf3c601aa0d4bf77eb84a6e008b8de2e5fce8d99,unknown locally supplied extracted master archive,17.981030548633310696277454165157,17981030548633310696277454165157/1000000000000000000000000000000,17.981030548633310696277454165157,10401303722545834843/1000000000000000000000000000000,"n rows x y theta(rad), centers in [0,s]^2; unit side stated in source README",True,True,trust radius exhausted,17.98103054864115,-7839303722545834843/1000000000000000000000000000000,-7.839303722545834e-12,4.30767409701366,True,False,1.9899676826589948e-13,-2.5715629057141742e-17,803,60,14,687,33,False,"No screen beat current exact ceiling, no repeatable descent or justified contact change found in economical screen; no deeper search."
